[
   {
      "pk":1,
      "model":"auth.user",
      "fields":{
         "username":"jake",
         "first_name":"",
         "last_name":"",
         "is_active":true,
         "is_superuser":true,
         "is_staff":true,
         "last_login":"2013-04-15T02:31:33.925Z",
         "groups":[

         ],
         "user_permissions":[

         ],
         "password":"pbkdf2_sha256$10000$gQgq1Im20mR2$PjzoG/u2xHB0gV2tn2jzxjttoaJmn2vVpHOE9F7w2vw=",
         "email":"nowoja01@luther.edu",
         "date_joined":"2013-03-12T19:58:17.240Z"
      }
   },
   {
      "pk":2,
      "model":"auth.user",
      "fields":{
         "username":"testuser",
         "first_name":"Test",
         "last_name":"User",
         "is_active":true,
         "is_superuser":false,
         "is_staff":false,
         "last_login":"2013-03-05T21:15:12Z",
         "groups":[

         ],
         "user_permissions":[

         ],
         "password":"pbkdf2_sha256$10000$4qzrYgCnhbUs$KdAMT60bq7Sqfna3NUX8HYhoc7KymBTzaDqhcavAKdg=",
         "email":"",
         "date_joined":"2013-03-05T21:15:12Z"
      }
   },
   {
      "pk":3,
      "model":"auth.user",
      "fields":{
         "username":"JacobNowosatka",
         "first_name":"Jacob",
         "last_name":"Nowosatka",
         "is_active":true,
         "is_superuser":false,
         "is_staff":false,
         "last_login":"2013-04-13T15:59:59.095Z",
         "groups":[

         ],
         "user_permissions":[

         ],
         "password":"!",
         "email":"nowoja01@luther.edu",
         "date_joined":"2013-04-13T14:20:06.051Z"
      }
   },
   {
      "pk":4,
      "model":"auth.user",
      "fields":{
         "username":"JakeNowosatka",
         "first_name":"Jake",
         "last_name":"Nowosatka",
         "is_active":true,
         "is_superuser":false,
         "is_staff":false,
         "last_login":"2013-04-13T16:23:28.749Z",
         "groups":[

         ],
         "user_permissions":[

         ],
         "password":"!",
         "email":"jtnowosatka@gmail.com",
         "date_joined":"2013-04-13T16:23:28.633Z"
      }
   },
   {
      "pk":1,
      "model":"flashcardapp.class",
      "fields":{
         "user":2,
         "title":"German 101"
      }
   },
   {
      "pk":2,
      "model":"flashcardapp.class",
      "fields":{
         "user":2,
         "title":"CS 150"
      }
   },
   {
      "pk":3,
      "model":"flashcardapp.class",
      "fields":{
         "user":2,
         "title":"Psychology"
      }
   },
   {
      "pk":4,
      "model":"flashcardapp.class",
      "fields":{
         "user":2,
         "title":"Senior Project"
      }
   },
   {
      "pk":6,
      "model":"flashcardapp.class",
      "fields":{
         "user":1,
         "title":"German 101"
      }
   },
   {
      "pk":7,
      "model":"flashcardapp.class",
      "fields":{
         "user":2,
         "title":"__default__"
      }
   },
   {
      "pk":8,
      "model":"flashcardapp.class",
      "fields":{
         "user":3,
         "title":"__default__"
      }
   },
   {
      "pk":9,
      "model":"flashcardapp.class",
      "fields":{
         "user":4,
         "title":"__default__"
      }
   },
   {
      "pk":10,
      "model":"flashcardapp.class",
      "fields":{
         "user":4,
         "title":"Test Class"
      }
   },
   {
      "pk":2,
      "model":"flashcardapp.sharedattributes",
      "fields":{
         "rating":3,
         "whichProfessors":"",
         "professorApproved":false,
         "publicationDate":"2013-04-05T18:15:26Z",
         "author":"Jake Nowosatka"
      }
   },
   {
      "pk":3,
      "model":"flashcardapp.sharedattributes",
      "fields":{
         "rating":2,
         "whichProfessors":"",
         "professorApproved":false,
         "publicationDate":"2013-04-06T21:13:22Z",
         "author":"Jake Nowosatka"
      }
   },
   {
      "pk":1,
      "model":"flashcardapp.container",
      "fields":{
         "isPrivate":true,
         "owner":2,
         "classes":[
            1
         ],
         "sharedAttributes":null,
         "title":"Verbs"
      }
   },
   {
      "pk":2,
      "model":"flashcardapp.container",
      "fields":{
         "isPrivate":true,
         "owner":2,
         "classes":[
            1
         ],
         "sharedAttributes":null,
         "title":"Unit 1"
      }
   },
   {
      "pk":3,
      "model":"flashcardapp.container",
      "fields":{
         "isPrivate":true,
         "owner":2,
         "classes":[
            1
         ],
         "sharedAttributes":null,
         "title":"Nouns"
      }
   },
   {
      "pk":4,
      "model":"flashcardapp.container",
      "fields":{
         "isPrivate":false,
         "owner":1,
         "classes":[
            6
         ],
         "sharedAttributes":3,
         "title":"Shared Verbs"
      }
   },
   {
      "pk":5,
      "model":"flashcardapp.container",
      "fields":{
         "isPrivate":false,
         "owner":1,
         "classes":[
            6
         ],
         "sharedAttributes":2,
         "title":"Shared Greetings"
      }
   },
   {
      "pk":6,
      "model":"flashcardapp.container",
      "fields":{
         "isPrivate":true,
         "owner":2,
         "classes":[
            7
         ],
         "sharedAttributes":null,
         "title":"__default__"
      }
   },
   {
      "pk":7,
      "model":"flashcardapp.container",
      "fields":{
         "isPrivate":true,
         "owner":3,
         "classes":[
            8
         ],
         "sharedAttributes":null,
         "title":"__default__"
      }
   },
   {
      "pk":8,
      "model":"flashcardapp.container",
      "fields":{
         "isPrivate":true,
         "owner":4,
         "classes":[
            9
         ],
         "sharedAttributes":null,
         "title":"__default__"
      }
   },
   {
      "pk":9,
      "model":"flashcardapp.container",
      "fields":{
         "isPrivate":true,
         "owner":4,
         "classes":[
            10
         ],
         "sharedAttributes":null,
         "title":"Shared Verbs"
      }
   },
   {
      "pk":10,
      "model":"flashcardapp.container",
      "fields":{
         "isPrivate":true,
         "owner":4,
         "classes":[
            10
         ],
         "sharedAttributes":null,
         "title":"Evan"
      }
   },
   {
      "pk":1,
      "model":"flashcardapp.tag",
      "fields":{
         "tag":"German",
         "containers":[
            4, 5
         ]
      }
   },
   {
      "pk":2,
      "model":"flashcardapp.tag",
      "fields":{
         "tag":"German 101",
         "containers":[
            5
         ]
      }
   },
   {
      "pk":4,
      "model":"flashcardapp.tag",
      "fields":{
         "tag":"German 344",
         "containers":[
			4
         ]
      }
   },
   {
      "pk":5,
      "model":"flashcardapp.tag",
      "fields":{
         "tag":"Verbs",
         "containers":[
			4
         ]
      }
   },
   {
      "pk":6,
      "model":"flashcardapp.tag",
      "fields":{
         "tag":"Default",
         "containers":[

         ]
      }
   },
   {
      "pk":7,
      "model":"flashcardapp.tag",
      "fields":{
         "tag":"Roommate",
         "containers":[

         ]
      }
   },
   {
      "pk":1,
      "model":"flashcardapp.box",
      "fields":{
         "containers":[
            3
         ],
         "title":"Day 1"
      }
   },
   {
      "pk":2,
      "model":"flashcardapp.box",
      "fields":{
         "containers":[
            3
         ],
         "title":"Day 2"
      }
   },
   {
      "pk":3,
      "model":"flashcardapp.box",
      "fields":{
         "containers":[
            3
         ],
         "title":"Day 3"
      }
   },
   {
      "pk":4,
      "model":"flashcardapp.box",
      "fields":{
         "containers":[
            1
         ],
         "title":"Day 1"
      }
   },
   {
      "pk":5,
      "model":"flashcardapp.box",
      "fields":{
         "containers":[
            1
         ],
         "title":"Day 2"
      }
   },
   {
      "pk":6,
      "model":"flashcardapp.box",
      "fields":{
         "containers":[
            1
         ],
         "title":"Day 3"
      }
   },
   {
      "pk":7,
      "model":"flashcardapp.box",
      "fields":{
         "containers":[
            2
         ],
         "title":"Greetings"
      }
   },
   {
      "pk":8,
      "model":"flashcardapp.box",
      "fields":{
         "containers":[
            2
         ],
         "title":"Adjectives"
      }
   },
   {
      "pk":9,
      "model":"flashcardapp.box",
      "fields":{
         "containers":[
            5
         ],
         "title":"Day 1"
      }
   },
   {
      "pk":10,
      "model":"flashcardapp.box",
      "fields":{
         "containers":[
            5
         ],
         "title":"Day 2"
      }
   },
   {
      "pk":11,
      "model":"flashcardapp.box",
      "fields":{
         "containers":[

         ],
         "title":"Separable prefix"
      }
   },
   {
      "pk":12,
      "model":"flashcardapp.box",
      "fields":{
         "containers":[

         ],
         "title":"Verbs with prepositions"
      }
   },
   {
      "pk":13,
      "model":"flashcardapp.box",
      "fields":{
         "containers":[

         ],
         "title":"Nouns"
      }
   },
   {
      "pk":14,
      "model":"flashcardapp.box",
      "fields":{
         "containers":[

         ],
         "title":"__default__"
      }
   },
   {
      "pk":15,
      "model":"flashcardapp.box",
      "fields":{
         "containers":[
            6
         ],
         "title":"__default__"
      }
   },
   {
      "pk":16,
      "model":"flashcardapp.box",
      "fields":{
         "containers":[

         ],
         "title":"__default__"
      }
   },
   {
      "pk":17,
      "model":"flashcardapp.box",
      "fields":{
         "containers":[
            8
         ],
         "title":"__default__"
      }
   },
   {
      "pk":1,
      "model":"flashcardapp.label",
      "fields":{
         "userKey":null,
         "name":"Definition"
      }
   },
   {
      "pk":2,
      "model":"flashcardapp.label",
      "fields":{
         "userKey":null,
         "name":"Translation"
      }
   },
   {
      "pk":3,
      "model":"flashcardapp.label",
      "fields":{
         "userKey":null,
         "name":"Graph"
      }
   },
   {
      "pk":4,
      "model":"flashcardapp.label",
      "fields":{
         "userKey":null,
         "name":"Picture"
      }
   },
   {
      "pk":5,
      "model":"flashcardapp.label",
      "fields":{
         "userKey":null,
         "name":"Song"
      }
   },
   {
      "pk":6,
      "model":"flashcardapp.label",
      "fields":{
         "userKey":null,
         "name":"Sound"
      }
   },
   {
      "pk":7,
      "model":"flashcardapp.label",
      "fields":{
         "userKey":null,
         "name":"Conjugation"
      }
   },
   {
      "pk":8,
      "model":"flashcardapp.label",
      "fields":{
         "userKey":null,
         "name":"Plural"
      }
   },
   {
      "pk":9,
      "model":"flashcardapp.label",
      "fields":{
         "userKey":null,
         "name":"Dativ"
      }
   },
   {
      "pk":10,
      "model":"flashcardapp.label",
      "fields":{
         "userKey":null,
         "name":"Past Perfect"
      }
   },
   {
      "pk":11,
      "model":"flashcardapp.label",
      "fields":{
         "userKey":null,
         "name":"Simple Past"
      }
   },
   {
      "pk":12,
      "model":"flashcardapp.label",
      "fields":{
         "userKey":2,
         "name":"Akkusative"
      }
   },
   {
      "pk":13,
      "model":"flashcardapp.label",
      "fields":{
         "userKey":null,
         "name":"Sentence"
      }
   },
   {
      "pk":1,
      "model":"flashcardapp.flashcard",
      "fields":{
         "term":"Guten Tag",
         "defaultSideLabel":2,
         "boxes":[
            7
         ]
      }
   },
   {
      "pk":2,
      "model":"flashcardapp.flashcard",
      "fields":{
         "term":"Der Bauch",
         "defaultSideLabel":2,
         "boxes":[
            1
         ]
      }
   },
   {
      "pk":3,
      "model":"flashcardapp.flashcard",
      "fields":{
         "term":"Das Wetter",
         "defaultSideLabel":2,
         "boxes":[
            1
         ]
      }
   },
   {
      "pk":4,
      "model":"flashcardapp.flashcard",
      "fields":{
         "term":"Das Essen",
         "defaultSideLabel":2,
         "boxes":[
            1
         ]
      }
   },
   {
      "pk":5,
      "model":"flashcardapp.flashcard",
      "fields":{
         "term":"Guten Morgen",
         "defaultSideLabel":2,
         "boxes":[
            7
         ]
      }
   },
   {
      "pk":6,
      "model":"flashcardapp.flashcard",
      "fields":{
         "term":"Guten Abend",
         "defaultSideLabel":2,
         "boxes":[
            7
         ]
      }
   },
   {
      "pk":7,
      "model":"flashcardapp.flashcard",
      "fields":{
         "term":"traurig",
         "defaultSideLabel":2,
         "boxes":[
            8
         ]
      }
   },
   {
      "pk":8,
      "model":"flashcardapp.flashcard",
      "fields":{
         "term":"hei\u00df",
         "defaultSideLabel":2,
         "boxes":[
            8
         ]
      }
   },
   {
      "pk":9,
      "model":"flashcardapp.flashcard",
      "fields":{
         "term":"schw\u00fcl",
         "defaultSideLabel":2,
         "boxes":[
            8
         ]
      }
   },
   {
      "pk":10,
      "model":"flashcardapp.flashcard",
      "fields":{
         "term":"gehen",
         "defaultSideLabel":2,
         "boxes":[
            4
         ]
      }
   },
   {
      "pk":11,
      "model":"flashcardapp.flashcard",
      "fields":{
         "term":"haben",
         "defaultSideLabel":2,
         "boxes":[
            4
         ]
      }
   },
   {
      "pk":12,
      "model":"flashcardapp.flashcard",
      "fields":{
         "term":"werden",
         "defaultSideLabel":2,
         "boxes":[
            4
         ]
      }
   },
   {
      "pk":13,
      "model":"flashcardapp.flashcard",
      "fields":{
         "term":"Guten Tag",
         "defaultSideLabel":2,
         "boxes":[
            9
         ]
      }
   },
   {
      "pk":14,
      "model":"flashcardapp.flashcard",
      "fields":{
         "term":"Guten Morgen",
         "defaultSideLabel":2,
         "boxes":[
            9
         ]
      }
   },
   {
      "pk":15,
      "model":"flashcardapp.flashcard",
      "fields":{
         "term":"aufr\u00e4umen",
         "defaultSideLabel":2,
         "boxes":[
            11
         ]
      }
   },
   {
      "pk":16,
      "model":"flashcardapp.flashcard",
      "fields":{
         "term":"anrufen",
         "defaultSideLabel":2,
         "boxes":[
            11
         ]
      }
   },
   {
      "pk":17,
      "model":"flashcardapp.flashcard",
      "fields":{
         "term":"arbeiten an + Dat",
         "defaultSideLabel":2,
         "boxes":[
            12
         ]
      }
   },
   {
      "pk":18,
      "model":"flashcardapp.flashcard",
      "fields":{
         "term":"aufh\u00f6ren mit + Dat",
         "defaultSideLabel":2,
         "boxes":[
            12
         ]
      }
   },
   {
      "pk":19,
      "model":"flashcardapp.flashcard",
      "fields":{
         "term":"Die Verteidigung",
         "defaultSideLabel":2,
         "boxes":[
            1,
            13
         ]
      }
   },
   {
      "pk":1,
      "model":"flashcardapp.textside",
      "fields":{
         "text":"Die B\u00e4uche",
         "labelKey":8,
         "flashcardKey":2
      }
   },
   {
      "pk":2,
      "model":"flashcardapp.textside",
      "fields":{
         "text":"Den B\u00e4uchen",
         "labelKey":9,
         "flashcardKey":2
      }
   },
   {
      "pk":3,
      "model":"flashcardapp.textside",
      "fields":{
         "text":"Die Wetter",
         "labelKey":8,
         "flashcardKey":3
      }
   },
   {
      "pk":4,
      "model":"flashcardapp.textside",
      "fields":{
         "text":"Die Essen",
         "labelKey":8,
         "flashcardKey":4
      }
   },
   {
      "pk":5,
      "model":"flashcardapp.textside",
      "fields":{
         "text":"gegangen",
         "labelKey":10,
         "flashcardKey":10
      }
   },
   {
      "pk":6,
      "model":"flashcardapp.textside",
      "fields":{
         "text":"ging",
         "labelKey":11,
         "flashcardKey":10
      }
   },
   {
      "pk":7,
      "model":"flashcardapp.textside",
      "fields":{
         "text":"gehabt",
         "labelKey":10,
         "flashcardKey":11
      }
   },
   {
      "pk":8,
      "model":"flashcardapp.textside",
      "fields":{
         "text":"hatte",
         "labelKey":11,
         "flashcardKey":11
      }
   },
   {
      "pk":9,
      "model":"flashcardapp.textside",
      "fields":{
         "text":"geworden",
         "labelKey":10,
         "flashcardKey":12
      }
   },
   {
      "pk":10,
      "model":"flashcardapp.textside",
      "fields":{
         "text":"wurde",
         "labelKey":11,
         "flashcardKey":12
      }
   },
   {
      "pk":11,
      "model":"flashcardapp.textside",
      "fields":{
         "text":"Deine Verteidigung ist super!",
         "labelKey":13,
         "flashcardKey":19
      }
   },
   {
      "pk":12,
      "model":"flashcardapp.textside",
      "fields":{
         "text":"Good Day",
         "labelKey":2,
         "flashcardKey":1
      }
   },
   {
      "pk":13,
      "model":"flashcardapp.textside",
      "fields":{
         "text":"The Stomach",
         "labelKey":2,
         "flashcardKey":2
      }
   },
   {
      "pk":14,
      "model":"flashcardapp.textside",
      "fields":{
         "text":"The Weather",
         "labelKey":2,
         "flashcardKey":3
      }
   },
   {
      "pk":15,
      "model":"flashcardapp.textside",
      "fields":{
         "text":"The Food",
         "labelKey":2,
         "flashcardKey":4
      }
   },
   {
      "pk":16,
      "model":"flashcardapp.textside",
      "fields":{
         "text":"Good Morning",
         "labelKey":2,
         "flashcardKey":5
      }
   },
   {
      "pk":17,
      "model":"flashcardapp.textside",
      "fields":{
         "text":"Good Evening",
         "labelKey":2,
         "flashcardKey":6
      }
   },
   {
      "pk":18,
      "model":"flashcardapp.textside",
      "fields":{
         "text":"sad",
         "labelKey":2,
         "flashcardKey":7
      }
   },
   {
      "pk":19,
      "model":"flashcardapp.textside",
      "fields":{
         "text":"hot",
         "labelKey":2,
         "flashcardKey":8
      }
   },
   {
      "pk":20,
      "model":"flashcardapp.textside",
      "fields":{
         "text":"humid",
         "labelKey":2,
         "flashcardKey":9
      }
   },
   {
      "pk":21,
      "model":"flashcardapp.textside",
      "fields":{
         "text":"to go",
         "labelKey":2,
         "flashcardKey":10
      }
   },
   {
      "pk":22,
      "model":"flashcardapp.textside",
      "fields":{
         "text":"to have",
         "labelKey":2,
         "flashcardKey":11
      }
   },
   {
      "pk":23,
      "model":"flashcardapp.textside",
      "fields":{
         "text":"to become",
         "labelKey":2,
         "flashcardKey":12
      }
   },
   {
      "pk":24,
      "model":"flashcardapp.textside",
      "fields":{
         "text":"Good Day",
         "labelKey":2,
         "flashcardKey":13
      }
   },
   {
      "pk":25,
      "model":"flashcardapp.textside",
      "fields":{
         "text":"Good Morning",
         "labelKey":2,
         "flashcardKey":14
      }
   },
   {
      "pk":26,
      "model":"flashcardapp.textside",
      "fields":{
         "text":"to clean up",
         "labelKey":2,
         "flashcardKey":15
      }
   },
   {
      "pk":27,
      "model":"flashcardapp.textside",
      "fields":{
         "text":"to call",
         "labelKey":2,
         "flashcardKey":16
      }
   },
   {
      "pk":28,
      "model":"flashcardapp.textside",
      "fields":{
         "text":"to work on sth.",
         "labelKey":2,
         "flashcardKey":17
      }
   },
   {
      "pk":29,
      "model":"flashcardapp.textside",
      "fields":{
         "text":"to stop doing sth.",
         "labelKey":2,
         "flashcardKey":18
      }
   },
   {
      "pk":30,
      "model":"flashcardapp.textside",
      "fields":{
         "text":"The defense",
         "labelKey":2,
         "flashcardKey":19
      }
   }
]